{"posts":{"items":[{"id":"7","fileName":"end-of-the-hedgeworld-dramas.html","name":"end-of-the-hedgeworld-dramas","publicUrl":"np://user.desktop.nicepage.com/Site_10888058/blog/end-of-the-hedgeworld-dramas.html","size":3464,"title":"End of the HedgeWorld dramas.","created":1740941274051,"updated":1740942305551,"featured":"peace1.png","excerpt":"After all the drama we've had with HedgeWorld, we've finally come to an end and all the drama is over. All members of HedgeWorld are now welcome at HedgeHeaven! We have unbanned all spies from HedgeWorld and our staff will now be careful not to start dram...","categories":["5","4"]}]},"categories":[{"id":"4","title":"Important","categoryId":null,"created":1740939185957,"updated":1740939185957},{"id":"5","title":"Dramas","categoryId":null,"created":1740939191336,"updated":1740939191336}]}