[{"id":"user-image-aaaaaa.png","publicUrl":"np://user.desktop.nicepage.com/Site_10888058/images/aaaaaa.png","size":13864,"hash":"Iyv4aQV2lchTHAb7xNBRT7Fya14=","fileName":"aaaaaa.png","name":"aaaaaa","width":512,"height":512,"thumbnail":{"url":"np://user.desktop.nicepage.com/Site_10888058/images/thumbnails/aaaaaa.png","width":250,"height":250},"folderId":null,"usages":["9326754"]},{"id":"user-image-peace1.png","publicUrl":"np://user.desktop.nicepage.com/Site_10888058/images/peace1.png","size":1102659,"hash":"z6GMuA2UKaIt4vpXWLCDpKFihS8=","fileName":"peace1.png","name":"peace1","width":1920,"height":1080,"thumbnail":{"url":"np://user.desktop.nicepage.com/Site_10888058/images/thumbnails/peace1.png","width":250,"height":141},"folderId":null,"usages":["142457457","608200549","65765825"]},{"id":"user-image-imagea.png","publicUrl":"np://user.desktop.nicepage.com/Site_10888058/images/imagea.png","size":46392,"hash":"QeJ7zoIpJ4sVpMKft8EfKz2h/ms=","fileName":"imagea.png","name":"imagea","width":667,"height":388,"thumbnail":{"url":"np://user.desktop.nicepage.com/Site_10888058/images/thumbnails/imagea.png","width":250,"height":145},"folderId":null,"usages":["608200549","9326754","574205571"]},{"id":"user-image-image.png","publicUrl":"np://user.desktop.nicepage.com/Site_10888058/images/image.png","size":134012,"hash":"VS/71qUDJjIjJSvzj/fHRjD70n0=","fileName":"image.png","name":"image","width":468,"height":469,"thumbnail":{"url":"np://user.desktop.nicepage.com/Site_10888058/images/thumbnails/image.png","width":249,"height":250},"folderId":null,"usages":["9326754"]}]