[{"id":142457457,"title":"Blog Template","order":1,"templateKey":"blog","customTemplate":false,"customTemplateFilename":null,"pageLinks":["7"],"dateCreated":"2025-03-02T17:32:25.597Z","dateUpdated":"2025-03-02T19:02:45.022Z","folderId":null,"pageName":"Blog Template","serverPageId":null,"sectionCount":1,"status":2,"backwardUrl":null},{"id":65765825,"title":"Post Template","order":2,"templateKey":"post","customTemplate":false,"customTemplateFilename":null,"pageLinks":[],"dateCreated":"2025-03-02T17:32:25.853Z","dateUpdated":"2025-03-02T19:05:51.749Z","folderId":null,"pageName":"Post Template","serverPageId":null,"sectionCount":1,"status":2,"backwardUrl":null},{"id":12847672,"title":"Product List Template","order":3,"templateKey":"products","customTemplate":false,"customTemplateFilename":null,"pageLinks":[],"dateCreated":"2025-03-02T17:32:26.042Z","dateUpdated":"2025-03-02T17:32:27.685Z","folderId":null,"pageName":"Product List Template","serverPageId":null,"sectionCount":1,"status":2,"backwardUrl":null},{"id":1059004050,"title":"Product Details Template","order":4,"templateKey":"product","customTemplate":false,"customTemplateFilename":null,"pageLinks":[],"dateCreated":"2025-03-02T17:32:26.227Z","dateUpdated":"2025-03-02T17:32:27.685Z","folderId":null,"pageName":"Product Details Template","serverPageId":null,"sectionCount":1,"status":2,"backwardUrl":null},{"id":31060561,"title":"Shopping Cart Template","order":5,"templateKey":"cart","customTemplate":false,"customTemplateFilename":null,"pageLinks":[],"dateCreated":"2025-03-02T17:32:26.417Z","dateUpdated":"2025-03-02T17:32:27.686Z","folderId":null,"pageName":"Shopping Cart Template","serverPageId":null,"sectionCount":1,"status":2,"backwardUrl":null},{"id":129800537,"title":"Checkout Template","order":6,"templateKey":"checkout","customTemplate":false,"customTemplateFilename":null,"pageLinks":[],"dateCreated":"2025-03-02T17:32:26.648Z","dateUpdated":"2025-03-02T17:32:27.686Z","folderId":null,"pageName":"Checkout Template","serverPageId":null,"sectionCount":1,"status":2,"backwardUrl":null},{"id":153276263,"title":"Login Template","order":7,"templateKey":"login","customTemplate":false,"customTemplateFilename":null,"pageLinks":[],"dateCreated":"2025-03-02T17:32:26.812Z","dateUpdated":"2025-03-02T17:32:27.686Z","folderId":null,"pageName":"Login Template","serverPageId":null,"sectionCount":1,"status":2,"backwardUrl":null},{"id":21498421,"title":"Search Page Template","order":8,"templateKey":"Search","customTemplate":false,"customTemplateFilename":null,"pageLinks":[],"dateCreated":"2025-03-02T17:32:26.914Z","dateUpdated":"2025-03-02T17:32:27.686Z","folderId":null,"pageName":"Search Page Template","serverPageId":null,"sectionCount":1,"status":2,"backwardUrl":null},{"id":227409172,"title":"Page Password Template","order":9,"templateKey":"password","customTemplate":false,"customTemplateFilename":null,"pageLinks":[],"dateCreated":"2025-03-02T17:32:27.033Z","dateUpdated":"2025-03-02T17:32:27.686Z","folderId":null,"pageName":"Page Password Template","serverPageId":null,"sectionCount":1,"status":2,"backwardUrl":null},{"id":73587772,"title":"404 Not Found Template","order":10,"templateKey":"404","customTemplate":false,"customTemplateFilename":null,"pageLinks":[],"dateCreated":"2025-03-02T17:32:27.133Z","dateUpdated":"2025-03-02T17:32:27.686Z","folderId":null,"pageName":"404 Not Found Template","serverPageId":null,"sectionCount":1,"status":2,"backwardUrl":null},{"id":720000035,"title":"Thank You Page Template","order":11,"templateKey":"ThankYou","customTemplate":false,"customTemplateFilename":null,"pageLinks":[],"dateCreated":"2025-03-02T17:32:27.206Z","dateUpdated":"2025-03-02T17:32:27.686Z","folderId":null,"pageName":"Thank You Page Template","serverPageId":null,"sectionCount":1,"status":2,"backwardUrl":null},{"id":9326754,"title":"main","order":50,"templateKey":null,"customTemplate":false,"customTemplateFilename":null,"pageLinks":[],"dateCreated":"2025-03-02T17:32:28.391Z","dateUpdated":"2025-03-03T02:51:03.195Z","folderId":null,"pageName":"main_9326754","serverPageId":null,"sectionCount":3,"status":2,"backwardUrl":null},{"id":608200549,"title":"blog","order":100,"templateKey":null,"customTemplate":false,"customTemplateFilename":null,"pageLinks":["7"],"dateCreated":"2025-03-02T17:32:27.256Z","dateUpdated":"2025-03-03T14:58:55.993Z","folderId":null,"pageName":"blog_608200549","serverPageId":null,"sectionCount":1,"status":2,"backwardUrl":null},{"id":574205571,"title":"help","order":101,"templateKey":null,"customTemplate":false,"customTemplateFilename":null,"pageLinks":[],"dateCreated":"2025-03-02T23:15:14.533Z","dateUpdated":"2025-03-03T14:19:45.439Z","folderId":null,"pageName":"help_574205571","serverPageId":null,"sectionCount":1,"status":2,"backwardUrl":null},{"id":2982319438,"title":"vpn","order":102,"templateKey":null,"customTemplate":false,"customTemplateFilename":null,"pageLinks":[],"dateCreated":"2025-03-02T23:45:33.347Z","dateUpdated":"2025-03-02T23:47:03.272Z","folderId":null,"pageName":"vpn_2982319438","serverPageId":null,"sectionCount":1,"status":2,"backwardUrl":null}]